Metric,Score
Accuracy,0.898854961832061
Precision,0.9153605015673981
Recall,0.9182389937106918
F1 Score,0.9167974882260597
